"GDP","CONSUMPTION","HOURS_WORKED","INVESTMENT"
1,0.8876430963689,0.769269962098815,0.935677134681465
0.0161916255094866,0.0147432626438076,0.0155689399615194,0.0503861991835608
