"GDP","CONSUMPTION","HOURS_WORKED","INVESTMENT"
1,0.887768155439434,0.746603268111193,0.943522926341756
1,0.510708010187825,0.106810153176493,0.690956546272792
